{
  "checkpoint": "/data2/mingyu/composed_image_retrieval/logs/bestever03nofreeze/epoch_0_step_1400.pt",
  "probe_batches": 100,
  "holdout_batches": 40,
  "gc_macro_mean": 0.4071056433022022,
  "gc_after_macro_mean": 0.40338540201385814,
  "gc_bidir_macro_mean": 0.36297418798009556,
  "I_raw_mean": 7.270835340023041e-06,
  "I_proj_mean": 8.326303213834762e-06,
  "avg_proj_ratio": 0.15381944444444445
}