{
  "checkpoint": "/data2/mingyu/composed_image_retrieval/logs/bestever03nofreeze/epoch_0_step_1400.pt",
  "probe_batches": 100,
  "holdout_batches": 40,
  "gc_macro_mean": 0.34347106143832207,
  "gc_after_macro_mean": 0.3395087830722332,
  "gc_bidir_macro_mean": 0.2649454300602277,
  "I_raw_mean": 4.919525235891342e-06,
  "I_proj_mean": 5.993340164422989e-06,
  "avg_proj_ratio": 0.18489583333333337
}